ngram,influence
nutshell,0
create,0
point_one_oh,0
athlete,0
hearing,3.731222812
detect,11.14271322
prehypertension,0
spend,0
enter,0
companion,0
mixture,0
amaze,4.905903271
discomfort,0
behave,0
love,4.318851905
disea,0
wealth,0
reprieve,0
address,-2.394475482
reiterates,0
ahh,0
flirting,0
cool,-1.235932899
gee,0
neck,0
fair,0
tedious,0
support,4.060135406
parallel,0
beliefs,0
peaceful,0
dramatically,0
categorize,0
compound,0
unproductive,0
fortunate,0
article,0
business,0
advance,0
gonna,-3.631645962
lonely,5.296533038
sized,0
perception,0.557069788
observation,0
teach,0
bore,0
extended,0
need,-1.733916159
distorted,0
hoop,0
avoid,0
client,0
accountability,0
lock,0
knee,0
fiance,0
content,0
wonderful,5.435009608
turning,0
careful,-23.08335357
absorption,0
towards,-0.135343059
atlanta,0
january,-0.426765113
mountain,0
one,0
somewhere,0
zero_three_nine,0
combine,0
housekeep,0
impact,15.22200746
land,0
no,-8.308023478
backwards,0
surrender,8.674494253
point_oh_two_nine,0
only,-4.281280014
dealt,0
door,-4.142681267
rephrase,0
boundary,0
u_as,-3.046136691
d_v_ds,0
told,0
different,0
dare,0
enjoyment,0
supply,0
fraternity,0
reveal,0
masterful,0
poster,0
rich,0
relieve,0
tribe,0
silly,0
meddlesome,0
blind,0
payoff,0
cursing,0
bar,5.870303217
taco,0
refer,-6.975996024
subtle,0
crashing,0
prenatal,0
risks,0
be,1.459525927
assistance,0
noby,0
basic,0
laugh,-8.977373189
caloric,0
spell,0
overcome,0
eleventh,0
immigration,0
three_point_five,0
c_p,0
rearrange,0
compatible,0
downswing,0
dentist,0
letting,0
educational,0
premise,0
eighty_eight,0
trevor,0
upon,0
remem,0
hallucinogens,0
excuse,0.441268664
hide,0
steve_moreno,0
gourmet,0
that,4.908789584
stepdad,0
ballgame,0
university,0
trap,0
protect,0
delivery,0
survey,0
route,0
reduces,0
confront,0
layer,0
defect,0
screw,4.335777934
replacement,0
conscientious,0
error,0
grownup,-2.059466763
mislead,0
instruction,0
local,0
ef,0
statement,0
tentatively,0
milestone,0
starting,0
happened,0
scotch,0
downstairs,0
ginger,0
winterize,0
dull,0
agitated,0
dimension,0
marriage,0
broach,0
traumatic,0
underneath,0
unimaginable,0
point_eight,0
porch,0
minimum,0
noticeable,0
chill,0
temptation,0
handling,0
FALSE,0
evil,0
weigh,0
thought,0
upset,0
versus,0
department,0
blunt,0
morning,0
downer,0
planned,0
dictate,0
bless,0
estimate,0
surround,0
urine,0
behavioral,0
impressive,0
patient,-2.135698129
responsive,0
clothe,0
writ,0
heat,0
insurance,0.446934037
cranberry,0
ongoing,0
obligation,0
alcoholism,0
container,0
tenish,0
k_r_c,0
watchout,0
zero_three,0
guthrie,0
if,1.135026347
face,0
effective,0
cure,0
i_d,0
mean,-0.569989108
belt,0
quantity,0
oh_eight,0
fearful,0
bound,0
digestive,0
a_c_a,0
nutrition,0
tobacco,0
trauma,0
thirty_six,0
do,0
drove,0
reframe,0
common,0
flush,0
oppose,0
click,-1.309659157
sta,0
metabolize,0
concert,0
fifteen,-0.312742292
moxie,0
accomplishment,19.74920799
restabilize,-3.856882944
even,3.372118658
separately,0
hmm,0
abusive,0
overachiever,-2.059918954
powerless,-4.510102217
biologically,0
manipulation,0
freedom,0
wider,0
soun,0
scratch,0
narcotics_anonymous,0
whenever,0
statistical,0
wife,0
supervise,0
piss,0
home,0
peer,0
so,0
untreated,0
apparent,0
the_compass_center,0
difficult,0
lane,0
misinterpret,0
notify,0
blank,0
preference,0
slowly,0
inconvenience,0
remarkable,0
illustration,0
theraplay,-2.059995176
alumni,0
genetics,0
]|(,0
short,0
feel,0
nursing,0
root,0
embarrassment,0
trigger,0
whichever,0
box,0
stipulation,0
accept,0
correctly,1.484932077
tract,0
stro,0
point_one_six,0
take_home,0
nervous,0
u_a,0
occupy,0
honestly,0
sport,0
housing,3.794657215
orphan,0
fill,0
sharing,0
town,0
hardly,0
physiologically,0
bombardment,0
boisterous,0
equilave,0
citizen,0
cocaine,-4.159376803
direct,0
afghanistan,0
proof,0
disappointing,0
evaluate,0
zero_one,0
continuity,0
country_doctor,0
doctor_steve,0
state_of_washington,0
presently,0
reckless,0
tonic,0
b_a_c,3.023331978
euphoric,0
episode,0
overlap,0
thin,0
substantial,0
stability,-4.915476388
assertion,0
genetic,0
ethnicity,0
good,2.678587521
zero_two,0
exceed,0
ground,0
ambivalent,0
flare,0
attentive,0
take,0
primary,0
point_three_five,0
steven_martino,0
difference,0
injecting,0
integrate,0
point_oh_five,0
recall,0
influence,0
god,0
spin,0
indication,0
four_thirty,0
child,-13.27518462
comprehend,0
construct,0
commitment,0
zach,0
unconditional,0
eh,0
covert,0
post,0
smell,0
percep,0
explanation,0
bud,0
stu,0
comparable,0
diarrhea,0
permit,0
certainly,26.43690026
forty_two,0
spinal,0
ah,1.944304548
retelling,0
delirium,0
regard,0
middle,0
misconception,0
hangover,0
fix,0
twel,0
issue,0
tolerance,0
teeter,0
won,0
one_way,0
br,0
year,0
meanwhile,0
later,0
pencil,0
boil,0
expertise,0
penny,0
stabilization,0
order,-0.490434878
kiss,-1.218559741
greet,0
fee,0
offense,0
invasive,0
decipherable,0
chaos,0
though,-3.940628834
bat,0
individually,0
point_four_two,0
alrighty,0
optimistic,0
solid,0
team,0
pharmacy,0
instead,0.427587757
num,0
survivor,0
dental,0
mechanism,0
focal,0
havens,0
kick,0
point_oh_two,0
eighty_six,0
partly,0
aged,0
v_a,0
voice,0
referral,-8.841648777
flavor,0
reevaluate,0
point_two_six,0
four_five,0
letterhead,0
reek,0
food,0
logistic,0
involuntary,0
cautious,0
stand,0
recreational,0
ultimately,0
balancing,0
puking,0
numb,0
coors_light,0
fifth,0
judge,0
exercise,0
twelve,0
bothersome,0
hobby,0
dru,0
contributor,0
critter,0
earl,0
frighten,0
accord,0
career,4.204468313
occasional,0
one_on_one,0
whereabouts,0
neglect,0
personalized,0
ring,0
bernie,0
berenstain_bears,-2.059447455
celebrity,0
lovely,0
hot,1.375178968
jennifer,-2.700542139
loss,0
anniversary,0
grade,0
availability,0
occur,0
nine_one_one,0
head,0
tape,0
wo,0
teenager,0
same,-3.715031906
suicidal,0
young,0
too,0
physically,0.217991142
chief,0
secondly,0
notoriously,0
bob,0
deal,2.836029389
life,0
perform,0
noticed,0
basketball,0
enroll,0
pyramid,0
grow,0
isolate,0
[,0
significantly,0
carrot,0
sad,0
accomplishin,4.584936874
ativan,0
county,0
keenly,0
truthfulness,0
one_two_seven,0
before,-6.102336722
majority,0
breathing,0
complaint,0
theol,0
usual,0
cover,0
social,0
lot,0
overwhelmingness,0
unlike,0
upsetting,0
poisoning,0
hundred_and_forty,0
suit,0
transport,0
achieve,0
carnival,0.683957439
old,0
males,0
oops,0
wou,0
kid,-1.123024957
hopeful,0
shake,0
care,-0.974918996
homework,0
expensive,0
travel,0
therapy,0
sustain,0
five_point_three_six,0
alone,-2.876455237
proud,13.171594
addictive,0
guarantee,0
thu,0
granny,0
trust,6.583496486
throat,8.619601984
myopic,0
king_county,0
whom,0
accountable,0
stamp,0
compile,0
coffee,0
pina,0
one_twenty,0
|,3.430433542
start,-3.045728232
clinically,0
between,0
meal,0
conscious,0
correlate,0
party,2.364410999
big,0
broad,0
organizing,0
completely,0
laidback,0
biochemistry,0
hope,0
five_thirty,0
admire,5.404683377
cps,0
reas,0
catholic_family_services,-2.059431438
quick,0
the_compass,0
guideline,0
shoot,0
assess,0
rank,0
g,0
they,-1.43330581
ye,0
steven,-6.517548144
blackout,0
predisposed,0
forward,0
charlotte,0
obligate,0
roadblock,0
appeal,0
ahead,0
privilege,0
],-1.516791996
unit,0
incident,0.839055129
database,0
regular,0
seventy_fifth,0
hydrate,0
protocol,0
one_digit,0
judgmental,0
proven,0
target,0
action,0
yea,0
bellevue,0
these,0
detailed,0
remind,0
e_t_s,0
upswing,0
folder,0
uh,0
unfortunately,0
tool,0
unavailable,0
want,-4.26278777
continuum,0
couch,0
begin,0
acupuncture,0
barlab,0
postpone,0
note,0
artwork,0
taper,0
shower,0
outstanding,0
junkyard,1.782147087
p_cap,0
boys,0
upfront,0
ninety_one,0
heal,0
update,0
she,-1.753072415
final,0
deny,0
drown,0
soci,0
a_a,-2.550050862
micro,0
peak,0
surfing,0
never,0
vomit,0
certify,0
sweat,0
seventeen,0
question,-0.422641349
misprint,0
petition,0
explore,0
tuesday,4.037794413
confidential,0
hygienist,0
b_a_cs,0
half,0
stabilizer,0
wondering,0
extent,0
ga,0
problem,0
sponsees,0
dependence,0
bit,-3.077869979
warning,0
urinalysis,0
zack,0
point_oh_eight,0
gin,0
video,0
chunk,0
pedophile,0
experiment,0
log,0
beneath,0
recognition,0
participation,0
evolution,0
waver,0
externally,0
fear,0
point_two_zero,0
friend,3.311410227
management,0.822085363
appropriate,0
desperation,0
pressure,0
willpower,0
withdrawal,0
the_bar_lab,0
permanently,0
zero_three_five,0
pri,0
parental,0
pre,0
develop,0
probably,-2.311676509
utilize,0
straggly,0
dozen,0
pursuit,0
course,0
project,0
upgrade,0
package,0
decide,0
religious,0
nurse,0
almost,0
calculation,0
bond,0
organized,0
uncomfortable,0
ar,0
diagram,0
initial,0
relationship,0
people,-2.245140226
expression,0
best,0
oth,0
request,0
lunch,0
censor,0
available,0
sensitive,0
mmm,0
entertain,0
definitely,6.46712124
commute,0
insecure,0
wha,0
recreate,0
seed,0
marry,0
household,0
clearly,0
qualify,0
)|,-0.005236304
carol,0
linger,0
flap,0
leery,0
curve,0
what,2.110480763
examine,0
destination,0
sorta,0
absence,0
assessment,3.503682312
prevalent,0
equate,0
defin,0
point_one_four,0
rely,0
hispanic,0
checkup,0
poor,0
seventy_five,0
healthy,-25.15801884
pitcher,0
biphasic,0
act,-5.512343831
concrete,0
escalate,0
spontaneously,0
nameless,0.960453127
theirs,0
assertive,0
would,3.591863362
articulate,0
altering,0
sake,0
party_one_oh_one,0
unsought,0
ashamed,0
collaborate,0
snow,0
workplace,0
possibly,0
umbrella,0
resolution,0
routine,0
vehicle,0
farther,0
diabetes,0
community,0
beach,0
exclusively,0
janey,0
wine,0
i_o_p,0
seasonal,0
recipe,0
clothes,0
steady,0
punish,0
devoid,0
ex,0
lying,0
zoo,0
challenging,0
component,0
overly,0
hair,5.39703226
prol,0
specific,0
retell,0
movement,0
grandchild,0
midst,0
buck,0
television,0
captain_morgan,0
nothing,-1.276021975
economic,0
rent,0
rolling,0
approval,0
inde,0
individual,0
allow,0
fifty_one,0
lead,-13.12366196
inaccurate,0
pace,0
bout,0
basis,0
ni,0
firsthand,0
rationalize,0
snag,0
loaded,0
splash,0
point_six_eight,0
blow,0
somebody,0.703624183
nicotine,0
king_county_metro,0
residence_twelve,0
system,0
controlling,0
liken,0
celebrating,0
hand,0
touch,0
girls,0
cooler,0
aware,2.079874854
quality,0
reunification,-3.856879519
entire,0
comply,0.981407483
a_hundred_and_thirty_two,0
sleep,0
father,0
whirl,0
resentment,0
chat,0
rule,0
cooperate,0
prepare,0
compensation,0
afford,0
bottle,0
relearn,0
craw,0
quicker,0
overload,0
design,0
training,0
web,0
molester,0
sp,0
ourselves,0
artistic,0
account,0
average,0
reference,0
comfortable,0
neat,0
nature,3.72029534
reiterate,0
permission,0
risk,-7.037725725
prosecution,0
useful,0
tech,0
lad,0
a_thousand,0
offset,0
rift,0
path,0
fr,0
deeply,0
outpatient,8.033936547
momentum,0
acquaintance,0
grab,0
reading,0
suicide,0
fun,0
exciting,0
multitude,0
pertain,0
amends,0
strike,0
work,0
daily,-3.587473596
lousy,0
hesitate,0
metabolism,0
mommy,0
connection,0
square,0
situate,0
sample,0
whereas,0
able,0
formula,0
safe_babies_safe_moms,0
trim,0
longer,0
ti,0
black,0
culture,0
ability,0.454581894
feeling,0
transcript,0
vicious,0
robin,0
sidewalk,0
enlighten,0
g_h_b,0
evict,0
acceptance,0
row,0
token,0
fantasy,0
everywhere,0
shy,0
safeway,0
them,0
toothbrush,0
floor,0
interference,0
heck,0
hate,0
toothpick,0
deb,0
orientation,0
next,0.023549709
dancing,0
expand,0
aggressive,0
headlight,0
obnoxious,0
ideal,0
willing,3.223215867
both,0
concentrate,0
exactly,0
agree,0
gradually,0
can,1.228509851
column,0
until,0
sleepy,0
dif,0
band,0
noticing,0
opinion,7.787000664
sneakier,0
bonding,0
forgive,6.87212352
yep,0
skip,0
logical,0
brain,8.227329708
calibrate,0
late,0
personality,0
fault,0
helps,0
equivalent,0
happy,0
una,0
healing,0
know,-4.43929699
finish,-7.431616046
eight,0
linear,0
security,-7.22691675
vary,0
smart,0
wi,0
wow,10.82715132
seek,0
ton,0
central,0
recharge,0
crack,-15.34000136
adjust,0.369788672
chicken,0
calgon,0
awesome,-8.813686707
anymore,0
d,0
day,0
paraphernalia,0
hang,0
psychology,0
terribly,0
much,0
customized,0
confused,0
doubting,0
a,3.447155022
could,0
influenza,0
ball,0
scheme,0
followup,0
home_depot,0
certain,0
wedge,0
report,0
office,6.847274657
plat,0
maki,0
cereal,-5.357869456
decision,3.488865081
eaten,0
cost,0
perceptive,0
slight,0
controlled,0
wind,0
physiological,0
association,0
ask,-4.572574968
rec,0
err,0
gotta,-17.76913592
juggle,0
period,0
vocational,0
yup,0
especially,0
accrue,0
t_vs,0
gotcha,0
eligible,0
tummy,0
dylan,0
seventy_two,0
point_two_five,0
encompass,-4.32757213
stake,0
thoroughfare,0
emotion,0
worth,0
whatever,1.405834444
round,0
u_w,0
stipulate,0
slur,0
fan,0
eighteenth,0
than,0
point_one_zero,0
possible,0
impending,0
alleviate,0
right,-0.625439397
nor,0
give,0
club,0
unfortunate,0
illness,0
eventually,0
price,0
mine,0.577026049
capacity,0
feedback,0
officer,0
hole,0
clock,0
supportive,0
displeasure,0
lobby,0
husband,0
cottage,0
completion,0
victoria,0
huge,0
stressful,0
beyond,0
early,0
simple,0
personally,0
sixty_four,0
wouldn,0
naturally,0
failure,0
trained,0
catholicism,0
adats,0
informational,0
south_park,0
boost,0
awareness,0
drowsy,0
tailored,0
cloak,0
hung,0
determine,0
intentionally,0
frequently,0
acknowledge,0
strong,0
disappointment,0
salient,0
ice,3.743743953
tune,0
lab,0
image,0
rid,0
dirt,0
access_to_recovery,0
ava,0
hurdle,0
point_zero_nine,0
designate,0
caring,0
consistently,0
selfish,-16.72430259
connect,0
divide,0
intuitively,0
myopia,0
excite,0
ac,0
fatigued,0
into,-5.632378209
et,0
recap,-2.059929632
priorities,0
information,0
white,0
weed,-6.337315273
sparks,0
percocet,0
contingency,0
manipulative,0
pat,0
campus,0
volume,0
roughly,0
calories,0
brought,0
tonight,0
openness,0
fifty_five,0
lack,0
affect,0
pursue,0
two_hundred_and_eighty,0
point_oh_four,0
online,0
restitution,0
forth,0
seventy,0
mostly,0
mariju,0
volunteer,0
codependent,0
chance,-2.254106031
tyler,0
leaf,0
suffer,7.291675585
nec,0
poof,0
guide,0
my,0
fond,0
bleed,0
eye,0
come,0.764382502
prior,-6.858531818
six_fifty_eight,0
a_as,0
succ,0
authority,0
urge,0
disagree,0
okay,-2.332734963
two_oh_one,0
brutally,0
excited,0
microbrews,0
coat,0
commit,0
crowd,0
periodic,0
bag,0
free,0
pint,0
become,0
name,0
portion,0
although,0
candidate,0
nosey,0
base,4.953826884
blink,0
afternoon,0
sociable,0
manic,0
decease,0
intake,-2.600006963
wad,0
fashion,0
likely,0
eighty_five,0
im,0
wor,0
straws,0
glue,0
phenobarbital,0
circumstance,0
cliche,0
alcoholics_anonymous,0
lilli,0
reminds,0
finance,0
psychological,0
diet,0
sum,0
spontaneous,0
ketamine,0
overfed,0
garbage,0
coping,0
david,0
goodnight,0
introduce,0
sometimes,1.365043911
medication,-0.060577148
sharp,0
sun,0
sorry,0
skin,0
personalize,0
pro,0
peop,0
understandable,0
c_d_i_o_p,0
throw,0.260838398
facilitator,0
ma,0
auntie_steve,0
ron,0
magical,0
talent,0
reject,0
reestablish,0
stoplight,0
incorporate,0
groggy,0
chapter,0
gender,0
knock,0
style,0
outcome,0
empty,0
bug,0
accommodate,0
bare,0
convert,0
nurturing,0
appoint,0
amenable,0
source,0
punch,0
benchmark,0
r_ns,0
falcon,0
hipaa,0
undoubtedly,0
mir,0
curiosity,0
participant,0
loosen,0
toward,-1.722286019
cross,0
blurt,0
haven,0
remember,0
swedish,0
decent,0
explain,0
soothe,0
cream,0
hurry,4.294999038
guidance,0
h_i_v,0
buy,0
present,2.819138587
wellbutrin,0
literally,0
reconnect,0
grocery,0
succeed,0
dedicate,0
lime,0
hindsight,0
classify,0
swell,0
print,0
overnight,0
multiple,0
unbelievable,0
purpose,0
differently,0
step,0
calendar,0
single,0
horse,0
rocket,0
liquor,0
suck,0
anticipate,1.843141602
desire,0
uncertainty,3.702678349
cedar_hills,0
company,0
five_billion,0
pebble,0
offering,0
complex,0
record,0
enrol,0
primarily,0
credit,0
fire,0
employ,0
sweetheart,0
board,0
contemplate,0
scary,1.037220921
steves,0
baggage,0
kinds,0
ph,0
horrible,0
willingness,0
parent,6.411201048
impair,0
codependence,0
miniaturize,0
dope,-23.69064688
drugging,0
patience,0
unless,0
euphoria,0
oba,0
divorce,0
walking,0
similarly,0
irresponsible,0
handy,0
angry,0
besides,0
uncontrollable,0
rear,0
duh,0
choke,0
whoever,0
frat,0
r_c_k_c,0
taste,0
seven_thirty,0
moon,0
buying,0
gentle,0
th,0
usually,0
nice,0
window,0
roommates,0
elevate,0
guy,5.395986362
dunno,0
purchase,0
straight,0
yourself,0
february,0
piece,0
as,0
sip,0
previously,0
rod,0
drop,0
humorous,0
often,-1.972017469
intern,0
constant,0
outside,0
automatic,0
hundred,0
highlight,0
unknown,0
dash,0
point_one,0
acute,0
st,0
continuous,0
judging,0
everyday,0
intense,0
accurate,0
reliable,0
document,0
celebratory,0
minute,0
last,-2.599726446
percentage,0
realise,0
slow,0
wherever,0
tory,0
mama,0
handful,0
direction,0
man,0
he,-4.235523373
planning,0
fourteen,0
involvement,-4.864641915
cognitive,0
outgrow,0
confuse,0
plate,0
meet,0
defend,0
sabotage,0
funny,0
involved,0
addiction,-14.29417839
stepfather,0
unfold,0
carla,0
anyway,0
bloodstream,0
outing,0
rescue,0
race,0
whisper,0
resent,0
integral,0
through,-7.364823119
adamantly,0
deficiency,0
payment,0
gung,0
removal,0
grand,0
]|[,0
match,0
needing,0
constantly,0
toddler,0
harshly,2.223854257
advocate,0
sk,0
hook,0
really,3.533582681
friends,0
negotiate,0
drank,0
upside,0
competent,0
entail,0
cou,0
speak,0
trimming,0
identical,0
processing,0
sounds,0
challen,0
despite,0
fret,0
c_p_s,3.88511364
potent,0
downtown,0
assumption,0
hospital,0
lubricant,0
balk,0
beers,0
numerous,0
uproot,0
afraid,8.614006248
ne,0
meant,0
theme,0
making,0
driver,0
hell,0.750457182
auction,0
heard,0
adorable,-2.059478982
gut,0
special_k,0
all,0.369230907
wanna,0
essentially,0
cooking,0
lastly,0
which,0.039552613
quiet,0
bowl,-3.816348598
still,0
term,1.737386076
court,0
three_seven_two,0
hm,0
staff,0
everett_avenue,0
sluggish,0
graphic,0
figure,0
how,-1.384355403
neglected,0
shock,0
pin,0
arrive,0
ocean,0
sugary,0
active,0
element,0
busy,0
overlook,0
overwhelm,0
),0
pike_market_clinic,0
ticket,0
someone,0
lean,0
appointments,0
share,0
sunday,0
equila,0
compare,0
menopause,0
twenty_f,0
future,0
instance,0
when,1.059952158
grip,0
interdependent,0
happiness,0
men,0
ignore,0
thousand,0
feed,0
caught,0
psychologically,0
improvement,0
cheap,0
cougar,0
lawyer,0.494816999
manager,0
subtly,0
extreme,2.956930432
value,0
twice,0
environment,0
thirty_two,0
entirely,0
greasy,0
limited,0
flying,0
transfer,0
aw,0
calm,0
supreme_court_justice,0
notice,0
crackare,0
girl,0
tom,0
pad,0
thing,-0.666992914
successfully,0
spear,0
demonstrate,0
funding,0
interfere,0
ju,0
everybody,0
miracle,0
pull,0
safeguard,0
cold,0
least,0
long_island_iced_teas,0
cry,0
see,-2.556349955
story,-14.67870418
courage,6.101413958
sigh,0
coors,0
rock,0
*|(,0
depend,0
cap,0
rapid,0
elate,0
imply,0
scene,0
cat,1.436809252
relative,0
dramatic,0
overboard,0
deck,0
medicine,-23.37029823
convenient,0
obviously,0
ninety_five,0
warmer,0
restaurant,0
independent,0
the_ave,0
sign,0
interpreting,0
maintain,0
drastic,0
defensive,0
attendant,0
bos,0
sometime,0
analogy,0
stronger,0
beading,0
meaning,0
sexually,0
consistency,0
stressed,0
beep,-2.059450582
chir,0
productive,0
go,-1.242738446
jackie,0
procrastinate,0
fortify,0
breakthrough,0
rat,0
depressant,0
entering,0
model,0
un,0
aunt,0
twenty_nine,0
varies,0
suppress,0
generously,0
magnitude,0
like,3.01161247
couldn,0
teacher,0
version,0
severity,0
group,-5.314706178
typical,-5.257865325
lifeguard,0
aim,0
newspaper,0
further,0
boot,0
pray,0
probing,0
observant,0
conclude,0
equivalence,0
holiday,0
more,3.739549177
dose,4.716268281
human,0
severe,0
complain,0
involves,0
nauseous,0
whole,0
earlier,0
liquidy,0
consistent,0
we,-5.438774565
oh,10.95562607
max,0
lubricate,0
encounter,0
ambulance,0
uprooting,0
soak,0
recommend,-9.904276145
abundant,0
agreement,0
comment,0
react,0
point_nine,0
the_u_s_department_of_health_and_human_services,0
diagnose,0
spite,0
third,0
briskly,0
sheer,0
hypothetical,0
house,0.553109934
emulate,0
overreact,0
ride,4.054722278
ruin,0
hesitation,0
five,0
tw,0
trouble,0
landscaping,0
part,0
properly,0
focused,0
educate,10.28686441
cope,0
quit,-8.077755522
transition,0
relapse,-2.106938464
venue,0
alternative,0
collect,0
forget,0
lodge,0
irritability,0
drug,-2.916203637
seven,0
tribal,0.390744973
point_four_five,0
ninety_nine,0
tumble,0
faster,0
domestic,0
country,0
ser,0
open,0
mentor,0
ain,0
jewelry,0
cheif,0
orange,0
valley,0
devote,0
impairment,0
fourth,0
confusing,0
drink,-4.616078639
dehydrate,0
overwhelmed,0
responses,0
totally,0
living,0
himself,0
at,0
chosen,0
justice,0
opening,0
obstacle,0
jesus,0
nose,0
brave,0
charge,0
paper,-15.05780942
james,0
scott,0
ritual,0
thirty_fifth,0
search,0
long,-0.271327433
off,-1.233222551
gai,0
mind,0
tension,0
brand_new,0
whistle,0
well,3.837032743
d_u_i,0
gathering,0
two_thousand_and_five,0
relate,0
ounce,0
conclusion,0
eval,0
evergreen,0
counsel,0
turn,2.83091302
distract,0
shooting,0
essence,0
steal,0
number,0
hilarious,0
profession,0
similarity,0
stranger,-4.345290162
microbrew,0
c_d_a_c,0
various,0
thereabouts,0
baby,0
tilted,0
money,0
point_zero_four,0
exhibit,0
easter,0
misunderstood,0
literacy_council,0
bla,0
oh_two,0
key,-1.072835999
paradoxical,0
pretty,2.237428327
federal,0
sundown,0
correct,0
fir,0
hammer,0
player,0
second,0
finger,0
point_one_two,0
immune,0
publicity,0
male,0
vindication,0
illustrates,0
u,0
blur,0
eclectic,0
option,7.510933339
brace,0
expose,0
hassle,0
t_v,0
glitch,0
moment,-9.29423094
exhaust,0
license,0
loo,0
roller,4.283785259
reassessment,0
twenty_eight,0
stated,0
caucasian,0
welcome,5.40920445
magic,0
communicate,0
eliminate,0
here,0
super,0
twenty_third,0
frustrated,0
admit,0
orient,0
permanent,0
four_oh_one,0
crappy,0
um,0
denial,-16.95337117
patricia,0
perspective,0
twenty_seventh,0
belligerent,0
month,-5.53934097
foresee,0
ig,0
suppose,-1.212432114
upbringing,0
childcare,0
welfare,0
job,0
heightened,0
who,0
mike,0
access,0
tylenol_two,0
forty_seven,0
biological,0
limit,0.893312842
serenity,0
pound,0
dissatisfy,0
front,0
empathy,0
crew,0
contain,0
regret,0
ninetieth,0
breathalyze,0
diabetic,0
progressively,0
aid,0
input,0
date,0
darn,0
expectation,0
natural,4.992946876
evals,0
thi,0
impressed,0
sheet,0
negative,14.97777298
gift,0
tennis,0
vulnerable,0
plane,0
form,0
cough,0.979259368
hydrated,0
valuable,0
asleep,0
rem,0
regardless,0
ave,0
shouldn,0
color,0
pair,0
shot,0
family,-1.185757961
senior,0
yard,0
wasting,3.94429734
trait,0
sickness,0
concen,0
picnic,0
listen,0
icky,0
any,0
son,-3.654081703
sixty_five,0
crave,0
isn,0.311960332
sporadic,0
advisable,0
tea,0
dead,0
chain,0
reputation,0
replace,0
lose,0.691175263
field,0
drawing,0
sprung,0
p_m_s,0
groove,0
chemical,0
immediately,0
worm,-2.060031278
blare,0
alphabet,0
surgery,0
nonsmoker,0
decides,0
roll,0
regularly,0
construe,0
deposit,0
height,0
purple,0
build,0
overstate,0
comical,0
confident,0
relation,0
explode,4.609280926
birth,0
understand,0
independence,0
wisdom,0
death,0
autumn,0
june,0
ninth,0
pleasure,0
unexpected,0
depress,0
seg,0
hit,-3.72841991
contrary,0
mellow,0
worsen,0
write,0
n_a,-1.518083942
generally,0
dry,0
two,-1.364439985
dangerous,-3.224365766
judgment,0
si,0
pas,0
twenty_one,0
reflect,0
engrained,0
motivation,0
overall,0
large,0
d_s_h_s,0
invisible,0
muscle,0
misperception,0
counselor,3.824127813
separate,0
immediate,0
commend,0
celebrate,0
shame,0
strange,0
contribute,9.983273595
telephone,0
enjoyed,0
intelligent,0
hasn,1.331946112
talkativeness,0
treat,-1.450264212
adult,0
book,0
quarter,0
chair,0
intensive,2.945441354
p_m,0
respond,0
|[,-4.876884777
sense,0
realistically,0
plug,0
to,-1.168509463
summer,1.792956553
celebration,0
twenty_five,0
relax,0
one_eight,0
couple,-2.387226343
substances,0
mixer,0
talk,3.291137884
very,7.19361094
road,-2.542808578
comforting,0
progress,5.939451995
experienced,0
walk,0
inventory,0
phone,0
spoken,0
gap,0
qui,0
motor,0
around,0
socialness,0
an,0
director,0
unsupervised,0
actuality,0
flash,0
perimenopausal,0
two_point_one_one,0
disbelief,0
long_i,0
forty,0
shape,0
brandy,0
researcher,0
overweight,0
goof,0
proba,0
violence,0
fancy,0
shade,0
hygiene,0
flight,0
cell,0
strap,0
monday,0
specifically,0
beforehand,0
yawn,0
inhibition,0
forty_third,0
basement,0
raise,-2.665230889
three_nine,0
edge,0
paranoid,0
didn,0
add,0
math,0
point_one_five,0
theologian,0
operate,0
intoxicating,0
y_v_c,0
meaty,0
gal,0
else,0
stance,0
martino,-8.469092146
sophomore,0
symptom,0
motivating,0
tuinal,0
point_three,0
mode,0
nineteen,0
change,-3.509056357
summary,0
point_one_one,0
performance,0
youre,0
smoked,0
back,0
expect,0
misunderstand,0
inject,0
intervene,0
total,0
accident,0
one_hundred,0
tr,0
gauge,0
weeknight,0
custody,8.322415028
soft,0
help,0.025362198
twenty_eighth,0
marvelous,0
map,0
being,0
member,0
dr,0
li,0
undecided,0
generation,0
seattle,0
a_hundred,0
vomiting,0
pile,0
jeopardize,0
him,-0.377436119
train,-0.968098499
identify,0
zero_five,0
weight,2.472174303
mood,0
tire,0
unaddressed,0
escape,0
tornado,0
may,0
osmosis,0
rest,0
allude,0
bunny,0
thanksgiving,0
general,-0.881668766
gist,0
prevention,0
neighbor,0.685127498
ultimatum,0
se,0
thirty_first,0
own,0
remove,0
reverse,0
rewarding,0
save,0
prison,0
stick,0
playing,0
hello,0
cindy,0
one_zero,0
focus,0
obtain,0
pack,0
m_d_m_a,0
married,0
affirmation,0
co,0
bib,0
exaggerated,0
intolerant,0
follow,0
regain,6.820973875
ninety,0
injure,0
wallet,0
dependency,0
nee,0
visual,0
kristi_hartman,0
fatigue,0
anything,-3.612317378
psychedelics,0
wretched,0
already,-12.0861949
empathize,0
mistake,4.980981802
glass,0
fool,0
v_c_rs,0
safely,0
others,0
jeff,-2.059455562
friday,-2.442281207
compliance,0
ultimate,0
budget,0
ago,0
unhappily,0
instantly,0
eats,0
solve,0
jump,0.767468275
intimidation,0
necessary,2.347666889
wesley,0
position,0
intention,0
soul,0
ensure,0
calorie,0
cause,3.65018066
harassed,0
digit,0
auntie,-5.676116585
setup,0
control,9.300454306
skateboard,0
down,0
quite,-2.460265797
goliath,0
read,0
per,0
ust,0
discern,0
setting,0
boom,0
example,0
dot,10.78918295
excellent,0
government,0
some,0.875418763
two_thousand_and_three,0
gracious,0
dilaudid,0
worry,0
ill,0
mature,0
boat,0
proceed,0
athletic,0
cycle,0
prefer,0
predictability,0
technically,0
realize,0
thumb,0
TRUE,0
amazing,0
point_five,0
beginning,0
dilutes,0
point_one_two_one,0
four_,0
alive,0
size,0
little,0
comfort,0
nineteen_ninety_two,0
sensation,0
classic,0
count,0
cop,0
frigging,0
du,-0.562442907
jittery,0
ulterior,0
ben,0
fussy,0
data,0
redo,0
departure,0
level,0
one_forty_five,0
meth,5.782501348
satisfy,0
stress,17.55567835
afterwards,0
glad,0
bloomer,0
mess,0
intellectually,0
deserve,0
yo,0
amount,0
alter,0
electronics,0
errand,0
just,-4.512220779
assessments,0
due,0
frying,0
clean,-2.823272502
precise,0
fairly,0
passive,0
multiply,0
investigating,0
impossible,0
recorder,0
hur,0
rush,0
each,0
loved,0
now,-1.470414977
secure,0
righty,0
dialogue,0
methadone,17.81980239
pharmaceutical,0
phase,0
reality,0
sends,0
mandate,0
immense,0
favored,0
consolidate,0
ignite,0
shots,0
week,0
dehydrogenase,0
romp,0
buddhist,0
welc,0
chemist,0
territory,0
participate,0
gigantic,0
cue,0
cute,-12.04350131
carbs,0
metaphor,0
activity,-9.624663727
proactive,0
spending,0
remain,0
buzzed,0
cooperative,4.585003269
attorney,10.48628448
two_thousand_nine,0
unacceptable,0
oh_four,0
this,0.963355826
storm,0
imagined,0
dealer,0
stem,0
user,0
puke,0
appreciate,0
literary,0
diploma,0
twenty_fifth,0
loud,0
purely,0
dante,0
host,0
pot,0
unable,0
sched,0
acquire,0
ad,0
zero_six,0
alright,-1.217038878
result,0
frustrate,0
metro,0
temporarily,0
y,0
dessert,0
coordinator,0
grown,0
]|,-0.845616449
fight,0
chew,0
pill,0
frequent,0
serious,0
those,0
our,0
nineteen_seventies,0
interesting,0
ridiculously,0
managed,0
insight,25.19188455
church,0
transmit,0
com,0
myriad,0
game,0
climb,0
run,0
hall,0
coast,0
dad,-3.509895507
wreckage,0
shelf,0
illegal,0
ignorance,0
mix,0
two_thousand_and_four,0
risky,0
point_one_nine_nine,0
little_known,0
classroom,-26.28357784
successful,11.22712367
effectively,0
cup,0
linda,-33.24786948
ups,0
since,0
arise,0
the_bar_labs,0
wayside,0
waste,0
unsure,0
alternate,0
thus,0
weekend,0
valid,0
certificate,0
saturday,14.33909395
reunite,0
probationary,0
glide,0
manner,0
caitlyn,0
righ,0
bremerton,0
brother,0
trans,0
happens,0
establishment,0
truth,0
promise,0
description,0
unusual,0
honesty,0
spiritual,0
smear,0
awaken,0
onto,0
fund,0
confirm,0
yet,0
(,1.667811804
mon,0
p,0
motivate,0
revelation,0
me,-3.161711418
colada,0
autopsy,0
ten_thousand,0
severely,0
hypnotic,0
trek,0
manageable,0
point_two,0
peri,0
percentile,0
bulk,0
camera,0
concoction,0
pediatric,0
obvious,-4.944635349
bind,0
dizzy,0
imagine,0
joe_blow,0
doctor,-10.12628019
pronounced,0
leg,0
while,-2.595324574
interaction,15.27269259
premature,0
produce,0
event,-5.933258473
strength,0.889226429
detox,11.12743318
bill,0
thanks,0
con,0
history,0
burden,0
sixty,0
habit,0
navigate,0
attention,0
swear,0
closely,0
veracity,0
washington_state,0
embrace,0
enhances,0
scar,0
sit,6.542602888
cetera,0
one_sixty_,0
ideally,0
branch,0
huh,0
offer,4.353228805
familiar,0
nada,0
cabin,0
everything,0
quan,0
stuff,-0.461000957
applicable,0
loyal,0
sudden,2.712025362
ouch,0
generous,0
ready,0
exact,0
robert,0
sish,0
seem,0
message,0
their,0
yesterday,0
dosing,0
graph,0
difficulty,0
task,0
historically,0
point_zero_two,0
among,0
kill,0
stroke,0
sweatiness,0
ok,0
none,0
byproduct,0
wednesday,0
cash,0
crazy,0
outgoing,0
danger,0
interact,3.077533906
google,0
tired,0
uncommon,0
adapt,0
establish,0
kee,0
s_s_i,0
acquaintances,0
congratulation,-0.470185747
exist,0
letter,0
criticism,0
tide,0
remorse,0
soon,0
page,0
concerned,9.503752768
malaise,0
dehydration,0
toy,0
inconsolable,0
marijuana,0
encouraging,0
against,0
sky,0
string,0
delightful,0
world,0
intoxication,0
tunnel,0
fuzzies,0
public,0
hey,0
twenty_ninth,0
ho,0
mm,2.40003007
real_house,0
bear,0
sweet,0
rare,0
principle,0
stride,0
plan,3.458242767
perfect,0
misery,0
depends,0
inconsistent,0
his,1.839817984
shittiest,0
tend,0
toys_r_us,0
learning,0
estrogen,0
pop,0
appetite,0
inside,0
mission,0
empower,0
aren,0
spare,0
disappear,0
flinch,0
itself,0
tenth,0
by,-0.239055935
six_two,0
tackle,0
inhibit,0
ch,0
invest,0
bike,0
meeting,-19.99276075
purse,0
knowledgeable,0
punishment,0
dependable,0
j,0
agenda,0
lung,0
closeness,2.407110791
expectancy,0
pardon,0
roommate,0
happen,2.744021152
stage,0
delayed,0
assistant,0
nine,0
such,0
squirreling,0
abstain,0
mindset,0
ugly,0
haul,0
structured,0
three_zero,0
girlfriend,0
substance,0
steve,0
internally,0
method,0
forced,0
maximize,0
hadn,0
|(,-5.748935406
alley,0
quiz,0
classiest,0
appear,11.71602487
main,0
skill,0
attendance,0
mail,0
intelligence,0
excess,0
smirk,0
recognize,-0.514934389
word,0
intimidate,0
fade,0
wear,0
plausible,0
homeless,0
plain,0
homicide,0
flirtatious,0
adjustment,0
display,0
stumbling,0
harass,0
interest,0
smoking,7.194367392
definition,0
spur,0
',3.759641267
breathe,0
new_year,0
c_d,0
tangible,0
monica,0
strict,0
choose,-0.563349897
myself,5.499596218
painful,0
sh,1.509028939
experience,0
integrity,0
wild_ginger,0
swim,0
absolutely,-12.85134434
beverage,0
intend,0
amplify,0
merciful,0
recommendation,0.397763589
moderately,0
countertransference,0
motivator,0
skate,0
yours,0
session,0
preconceive,0
resident,0
advantage,0
riel_house,0
molecule,0
lately,0
code,0
news,0
scarier,0
beneficial,0
tiny,0
clue,0
tease,0
long_island_iced_tea,0
energetic,0
brag,0
legally,0
cater,0
residential,0
enjoyable,0
anal,0
switch,0
release,-11.2138276
developmental,0
lapse,0
two_point_five,0
internal,0
labeling,0
analyze,0
above,0
far,0
habituate,0
dadadada,0
wrap,0
spring,0
fare,0
breaking,0
mutual,0
easily,0
re,2.89526036
sobriety,0
perceive,0
goat,0
doctor_walsh,0
commu,0
quickly,0
clinic,0
hurt,14.28033067
coun,0
copout,0
payee,0
clinical,0
file,0
intensify,0
bridge,0
institution,0
brewing,0
shotgunning,0
with,3.132679816
providence,0
coupon,0
worker,0
progressive,0
combination,0
guess,0
tradition,0
intervention,0
nosy,0
straightforward,0
warm,0
|',0
latch,0
sixteen,0
reconcile,0
pick,0
external,0
thirtieth,0
highly,0
indeterminate,0
eleven_and_a_half,0
realm,0
lightly,0
o,0
merely,0
baseline,0
settle,0
shirk,0
non_alcoholic,0
either,0
medical,0
goodness,10.84896364
math_inclined,0
crash,0
perk,0
stimulant,0
physical,0
labor,0
tour,0
extremely,0
about,0
badly,0
chock,0
thirteenth,0
shaky,0
refuse,0
admirable,4.584928974
corner,0
threatening,0
c_t_p,0
t,-0.383288971
maybe,3.602309435
tipsy,0
oftentimes,0
abstinence,0
initially,0
hug,-10.88188959
health,-6.020712632
cigarettes,0
till,0
major,0
bounce,0
survive,0
thunderbird,0
complicated,0
initiative,0
clarify,0
ahold,0
your,0
last_house_on_the_block,0
placebo,0
carry,0
minor,0
relaxed,-1.335573462
rubber,0
pride,0
tacoma,0
triumph_treatment_services,0
*,-2.988037895
society,0
ours,0
november,0
financial,0
joy,0
spectrum,0
trip,0
sl,0
broaden,0
twist,0
twenty_four,0
recover,0
zone,0
dangerously,0
overwhelming,0
moderate,8.371892837
define,0
attach,0
catalyst,0
get,-1.152548752
started,0
oxycodone,0
point_one_seven,0
helpful,-0.813074846
entertainment,0
behind,0
significant,3.798479302
tailor,0
liquid,0
october,0
downhill,0
ano,0
alcoholic,0
car,0
strategy,0
schedule,0
rice,0
barbecue,0
point_oh_seven,0
sincere,0
eastern_washington,0
di,0
g_a_x,0
pam,0
lucky,0
fifty_eight,0
actual,0
monitor,-13.99966754
becomes,0
lifelong,0
predict,0
donor,0
coerce,0
walla_walla,0
eleven,2.255512369
luck,0
better,0
unhappy,0
two_digit,0
apply,0
coordinate,0
for,0
curious,0
temporary,0
adventure,0
stabilizing,0
scare,0
mad,0
directly,0
richard,0
testing,0
entry,0
tooth,0
associate,0
breathalyzer,0
left,0
fit,0
brittany,-1.865481631
craving,0
humor,0
table,0
insane,0
line,0
hurting,3.524950813
emergency,-0.914454847
c_ds,0
it,2.161449848
booze,-2.520666848
terrific,0
giant,0
conflict,5.653641494
somehow,-0.183447488
soften,0
but,0
phy,0
effect,-5.774634479
uneasy,0
juice,0
sober,-5.594813875
usu,0
candlelight,0
reactions,0
look,0
physician,0
flyer,0
worthwhile,0
burn,9.16344612
bet,0.979210544
sedatives,0
funky,0
accidentally,0
service,0
johnny,0
threaten,0
simply,0
scientifically,0
earth,0
type,-1.198209479
mask,0
discharge,0
opiate,0
brew,0
plunger,0
yellow,0
quantify,0
eating,0
surprising,0
most,0
normal,-3.412358566
anywhere,0
category,0
harborview,0
managing,0
arrangement,0
discuss,0
marcus,0
bye,0
math_oriented,0
impression,0
twenty_three,0
composition,0
fact,0
bud_light,0
overreacting,0
long_island,0
benefir,0
drastically,0
spiral,0
friendly,0
include,0
todd,0
lifetime,0
whiskey,0
obsessively,0
lifestyle,0
necessarily,0
diminish,0
valium,0
stopping,0
occasion,0
frightening,0
acid,0
warn,0
drinks,0
leave,-6.758518882
tip,0
side,-2.978006355
of,3.97609977
flag,0
brunch,0
enable,0
seriousness,0
ricky,0
operating,0
nonalcoholic,0
hazardous,0
grateful,0
impaired,0
workaholic,0
generic,0
bring,4.768034747
science,0
imitate,0
conservatively,0
because,-3.69367087
knew,0
mull,0
convince,0
load,0
hoping,0
amazed,0
ed_lynn,0
after,0
themselves,0.240234853
sound,6.417213389
tomorrow,0
four,0
*|,-3.778347809
schooling,0
concern,6.4004392
behavior,-12.81205832
negatively,0
bell,0
exacerbate,0
concept,0
psychiatry,0
a_hundred_and_forty_four,0
way,-1.013762643
blame,0
slap,0
geographical,0
compel,0
damage,0
night,0
connoisseur,0
crap,0
coop,0
assignment,0
supposedly,0
veteran,0
fellowship,0
bump,-2.059436618
tranquilizer,0
wise,0
barrier,0
apple,-37.49533859
variation,0
awkward,0
unlearned,0
closed,0
the,0.452391396
extra,0
gray,0
chime,0
medically,0
tissue,0
twenty_six,0
agitation,0
capable,0
abstinent,0
frankly,0
legitimate,0
show,0
criminal,0
lookalike,0
span,0
continue,0
rap,0
play,0
virtue,0
rape,0
disruption,0
s_hard_lemonade,0
oblivious,0
alienate,0
w_i_r_b,0
extracurricular,0
stead,0
deci,0
except,0
superstar,0
whi,0
drunk,0
soda,0
easier,0
one_point_two_five,0
shortcoming,0
lower_valley,0
anybody,0
actively,0
market,0
talkative,-1.403249821
forfeit,0
therapist,0
enjoy,0
foot,0
adamant,0
spoo,0
prescribed,0
pierce_county_court,0
time,-3.110272923
place,0
waive,0
challenge,-2.822230338
speech,0
building,0
tiwanya,0
anyways,0.20299073
zip,0
firm,0
learn,0
felt,0
descent,0
deceive,0
cannot,0
typify,0
addict,-6.117005782
flour,0
cont,0
slogan,0
youth,0
summarize,0
maria,0
)|[,0
asset,0
takeaway,0
runny,0
carpenter,0
bright,0
school,0
point_three_oh,0
improving,0
r,0
receptive,0
mother,0.713688584
belly,0
in_between,0
series,0
hap,0
check,0
once,0
snohomish_county,0
double,0
where,1.48124555
gun,0
changein,0
briefly,0
evening,0
brief,0
tony,0
counselors,0
anecdotally,0
frequency,0
af,0
candid_camera,0
related,0
rise,0
argument,0
snowboard,0
nine_eight_one_one_seven,0
congruently,0
forever,0
non,0
opiates,0
coma,0
dos,0
inclined,0
suggest,0
resolve,0
w,1.603232826
sou,0
secret,0
learner,0
situation,0
red,0
interview,-12.2408262
policy,0
diaper,0
tremendously,0
imp,0
bust,0
self,-0.254039737
shoplift,0
clumsy,0
stretch,0
honk,-2.059464495
shop,0
washington,0
aside,0
hungover,0
you,-0.076529406
olympia,0
samara,0
disease,-8.160970271
cook,-9.124100515
delay,0
paranoia,0
crisis,0
dorm,0
darvon,0
tremendous,0
dust,0
wild_,0
snapping,0
stairmaster,0
tendency,0
sits,0
wonder,1.454780339
her,1.546155368
detract,0
weird,0
smile,0
point_oh_six,0
contract,0
transportation,0
representative,0
disadvantaged,0
additional,0
behalf,0
prescribe,-4.406168659
ridiculous,0
simpler,0
personal,0
receive,0
not,0
canning,0
cautiously,0
grief,0
ingest,0
typically,0
happening,0
precontemplation,0
overview,0
acknowledgement,0
)|(,0
crystal,0
fresh,0
energy,21.33606936
parkway,0
atmosphere,0
rather,0
m,0
zero_eight,0
organize,0
anonymity,0
don,-0.342562183
attitude,0
recreation,0
condition,0
dec,0
several,0
up,0
comparison,0
truly,0
particular,0
int,0
positively,0
twenty_two,0
reckon,0
discovery,0
weekly,0
adhesive,0
provide,0
scared,0
thinking,-0.549004087
process,0
drama,-6.917456321
psychiatrist,0
statistic,0
ilments,0
gather,0
press,0
underage,0
migraine,0
section,0
three_oh_one,0
manipulating,0
erase,0
upwards,0
expense,0
thirteen,0
discontinue,0
isolated,0
mister,0
outlook,0
trick,0
sat,0
hopefully,0
flip,0
answer,0
and,0
parking,0
thoughtful,0
daddy,0
speaking,0
pour,0
live,-10.04451942
puppet,0
heavily,0
ei,0
academic,0
guard,0
on,0.178506773
eighteen,0
pregnant,0
firmly,0
near,0
fulltime,0
random,0
fatal,0
placement,0
friendship,0
spit,0
strain,0
drain,0
clever,0
state,0
worried,0
apparently,0
seriously,4.530409434
disappointed,0
baffling,0
endanger,0
forty_three,0
reservation,0
distinctive,0
fifty,0
sure,-5.262024059
questionnaire,0
impede,0
lis,0
frustration,0
finding,0
jeopardy,-6.647313377
lear,0
barbiturates,0
fall,0
cunning,0
truthful,0
feeding,0
heroin,0
indulging,0
stable,6.531297208
anyplace,0
beer,0
debrief,0
whatchamacallit,0
rece,0
addition,0
surprised,0
dysphoria,0
grieve,0
stupid,0
below,0
knuckle,0
first,-3.001104534
midnight,0
attend,0
misunderstanding,3.157610344
nudge,0
nine_thousand,0
cathy,0
famous,0
ecstasy,0
lakeside_milam,0
card,0
mark,0
union_gap,0
oh_six,0
many,-2.687046538
shoe,0
practice,0
prove,0
foreign,0
journey,0
drawn,0
shout,0
belong,0
disrupts,0
gold,0
complicate,0
reflex,0
louder,0
flushed,0
pendulum,0
away,0
harsh,0
triple,0
possession,0
graduate,0
confidence,0
reporting,0
organization,0
leader,0
childhood,0
trial,0
implication,0
e_d_u,0
advertised,0
closest,0
original,0
gram,0
dive,0
hereditary,0
disability,0
observe,0
unsafe,0
illustrate,0
format,0
counseling,0
review,0
enlist,0
twenty_first,0
esteem,0
fifty_four,0
definite,0
bed,0
one_and_a_quarter,0
de,0
favorably,0
pocket,0
manage,0
bored,0
contemplation,0
woebegone,0
interdepe,0
avenue,0
atkins,0
winter,0
investment,0
seat,0
customer,0
measure,0
thirty,0
cut,0
suggestion,0
ty,-18.65480367
invite,0
mindful,0
moderation,0
bartender,0
al,0
power,-7.749907039
knit,0
trainee,0
partner,0
serve,0
planner,0
in,-1.565629963
push,0
?,0
absorb,0
ounces,0
regulation,0
employee,0
perky,0
johnson,0
judicial,0
envision,0
ten,3.67136968
wit,0
complexity,0
moodiness,0
echo,0
there,-2.299643031
codependency,0
searing,0
fabricate,0
eighth,0
odds,0
reaction,0
affiliated,0
pamphlet,0
recent,0
blown,0
unwanted,0
under,0
eye_opening,0
anger,0
daughter,0
lynnwoo,0
|),0
realistic,0
anxiety,0
ordinarily,0
satellite,0
agency,0
bus,0
miserable,0
irrational,0
quieter,0
hesitant,0
threw,0
parenting,0
spiritually,0
necessity,0
espec,0
forty_nine,0
upper,0
theory,0
toasty,0
jail,1.068514287
wag,0
herself,0
football,0
responsibility,13.17495126
space,0
positive,0
authorize,0
describe,0
d_u_is,0
pregnancy,0
gosh,0
one_oh_one,0
full,0
g_e_d,0
loneliness,0
noticeably,0
pass,0
impress,0
why,0
reduce,0
tie,0
role,0
watch,-1.099635859
carrie,0
lard,0
chiropractor,0
amphetamine,0
phenomenal,0
room,0
eighteen_seventy_two,0
five_forty_five,0
airport,0
supervisor,0
kitsap_county,0
don_peterson,0
folk,-0.16846541
material,0
listing,0
triage,0
flirt,0
formal,0
pain,3.042993296
background,0
sex,0
hold,-3.84269632
decrease,0
verify,0
mandatory,0
discount,0
gasworks_park,0
gas,0
represent,0
prejudice,0
stewardess,0
obsession,0
revolve,0
freak,0
i,0.919836641
voucher,0
however,0
pose,0
hanging,0
powerful,0
gain,0
chase,0
booklet,0
potential,0
procedure,0
achievement,0
forge,0
drive,0
dream,0
admin,0
clarity,0
bunch,0
pigeonhole,0
swing,0
stool,0
hypothesis,0
fifty_eighth,0
function,0
confidentiality,0
call,0
coke,0
something,0
wait,0
alike,0
liver,0
sack,0
female,0
witness,0
lower,0
admission,0
track,0.138138206
deep,0
candy,0
depressive,0
encouragement,0
info,0
wakeup,0
possess,0
desk,0
perhaps,0
pulling,0
high,0
whatnot,0
fax,-7.494089613
sequence,0
mainly,0
confusion,0
memorable,0
test,0
sprinter,0
priority,0
rewind,0
solving,0
mistaken,0
mu,0
revolving,0
incentive,0
bipolar,0
nasty,0
die,-7.816927951
top,0
barb,0
join,0
gamut,0
stumble,0
indicator,0
chemistry,0
case,0
comp,0
breath,0
wasn,0
nowadays,0
one_eleven,0
stuck,0
postpartum,0
pleasant,0
pretend,0
bother,0
fence,0
perceived,0
whatsoever,0
revert,0
ta,0
coming,0
brownouts,0
gravel,0
safe,0
eighty,0
roof,0
approach,0
quote,0
coaster,4.28424777
socioeconomic,0
lecture,2.008873036
hybrid,0
isolation,0
changing,0
g_a_u,0
green,0
april,0
prompt,0
character,0
probation,-1.909958611
partial,0
fulfill,0
wish,0
clear,5.627499854
spouse,0
doubt,0
handle,0
wide,0
frustrating,0
truck,0
demonstrating,0
growth,0
rough,0
rachel,0
restlessness,0
yikes,0
devise,0
thirty_five,0
beat,0
dark,0
compassion,0
n,0
relief,0
protective,0
automatically,0
port_orchard,0
potty,0
education,5.315633808
compromise,0
martini,0
pipe,0
movie,0
treating,0
harm,0
strive,0
thank,0
longneck,0
resolute,0
driving,0
hear,0
sister,12.4003166
defocus,0
engagement,0
store,0
sick,0
class,0
catch,-5.507638273
lay,0
brake,0
score,-12.88285278
memory,0
lag,0
plot,0
wa,0
six_seven_eight_nine,0
degree,0
drool,0
whate,0
whoa,0
point_four_oh,0
sens,0
opportunity,0
feverish,0
sponsorships,0
motive,0
make,0
saw,12.26962563
wrist,0
mild,0
flexible,0
healthcare,0
standard,0
backtrack,0
attempt,0
stilted,0
passage,0
miss,0
police,0
socially,0
employment,0
financially,0
enough,0
return,0
album,0
fooled,0
wave,0
reasonable,0
tolerant,0
apartment,4.068617936
intent,0
thats,0
detail,0
shoulder,0
prevent,0
improve,0
center,-0.488652565
brush,0
cigarette,0
pr,0
snap,0
outline,0
gar,0
factor,0
hard_lemonades,0
discussion,0
sift,0
conversation,0
nowhere,0
benzodiazepine,0
sherry,0
send,0
satisfied,0
protection,0
shortly,0
ha,-0.444111587
one_nine,0
cultural,0
easy,0
chaotic,-1.112919619
population,0
street,0
badger,0
fuzzy,0
range,0
irritate,0
rainy,0
steve_martino,5.052404404
sedate,0
awakening,0
wake,0
cynthia,0
crashed,17.02630026
cuban,0
response,0
sixth,0
blood,-0.689101266
differ,0
readiness,0
recognizes,0
enormously,0
foundation,0
registered,0
fully,0
fuck,0
recollection,0
adatsa,0
hungry,0
zero_seven,0
network,0
everyone,0
from,4.228039274
conversion,0
say,-2.244278422
hour,0
terminology,0
equation,0
myth,0
potentially,0
exit,0
comparatively,0
research,0
water,0
awake,0
tom_walsh,0
truthfully,0
voluntary,0
increase,2.169065632
opt,0
advise,0
barely,0
one_four,0
desirable,0
undergraduates,0
designated,0
grandkids,0
ooh,0
abide,0
befor,0
babysitter,0
balance,0
poison,0
mixed,4.146228206
abuse,-2.390673608
someplace,0
enc,0
totter,0
motion,0
gang,0
ease,0
discover,0
minus,0
codeine,0
blah,11.14411712
socialize,0
dance,0
u_d_u_b,0
grant,0
stop,-2.176710474
anyhow,0
selection,0
without,0
august,0
reasoning,0
tho,0
always,2.734902071
fast,0
mouth,0
sand,0
jack,0
use,-2.299760144
legal,2.988147251
zero_one_two,0
investigate,0
seconal,0
instant,0
altogether,0
moreno,0
actually,0
ba,0
reinforce,0
noon,0
i_r_b,0
laboratory,0
announcement,0
moral,0
andrea,0
facilitate,0
worst,0
crime,0
decompress,0
consciousness,0
regenerate,0
quitting,0
shorter,0
six_thirty,0
reason,0
sexual,0
sponsorship,0
unclear,0
six_pack,0
stomach,0
camaraderie,0
nurture,0
lakeside,0
must,7.923897633
appointment,-3.950251188
vodka,0
mentality,0
passing,0
stigma,3.211803079
horrific,0
reduced,0
context,0
ordinary,0
fingerprint,0
require,0
argue,0
beautiful,-6.366595576
think,-3.286668957
desperately,0
exception,0
loan,13.11628885
new,0.858025175
ever,-6.050549073
victory,0
four_zero,0
body,-0.754798062
interactive,0
scoring,0
forgiven,0
allergy,0
videotape,0
one_five,0
heart,0
tug,0
person,-7.623992916
meat,0
email,0
put,0
deferred,0
fruity,0
air,0
hum,0
suspect,0
drinker,0
gregarious,0
socialization,0
mentioning,0
dog,13.4096395
relevant,0
employer,0
sooner,0
teeth,6.37899634
'|,0
translate,0
accessible,0
goal,0
ambivalence,0
a_hundred_and_fifty,0
inform,0
intimate,0
ceremonial,0
requirement,8.986522909
drunker,0
surprise,0
reluctant,0
stimulate,0
l,0
brand,-2.999534256
courthouse,0
wrong,0
deer,0
consequence,0
fail,0
break,2.425206271
guilt,0
belief,0
clergy,0
guesstimate,0
caffeine,0
sadness,0
light,0
visit,0
binge,0
a_hundred_and_twenty,0
usage,0
overdose,0
latino,0
three_twenty_five,0
kinda,9.422237496
settled,0
cling,0
frame,0
logistically,0
twelvish,0
hop,0
variable,0
consent,0
tricky,0
bum,0
generate,0
expert,0
el,0
abnor,0
flashback,0
prolong,0
wh,0
provider,-2.669839528
chore,0
blue_moon,0
cellies,0
draw,-2.904278051
speaker,0
teas,0
e,-7.552720322
schoolwork,0
respect,0
happier,0
december,0
dump,0
heaven,0
wrestle,0
i_m_a,0
sphere,0
fake,0
boyfriend,0
diary,0
consist,0
redmond,0
warranted,0
survival,-0.592640487
freshman,0
medicate,0
strongly,0
yes,12.35055717
wrack,0
bedroom,0
sufficient,0
equally,0
milk,0
fortified,0
makeover,0
chart,0
assist,0
harder,0
consider,1.185006694
important,2.4380467
apprehensive,0
move,0
fictional,0
sort,7.588859816
whose,0
abandon,0
rate,0
picture,0
mor,0
morphine,0
again,0
zero_four,0
region,0
depressed,0
infant,0
ibuprofen,0
cheat,0
guessing,0
private,0
within,0
mirror,0
percent,0
idea,8.220790411
basically,0
wannabe,0
dilemma,0
surface,0
adverse,0
adequate,0
item,0
throughout,0
neighborhood,0
c_p_t,0
reach,0
smoke,-0.323963942
affected,0
nobody,0
arrest,-3.64863481
ca,0
eat,-6.022857053
application,0
genuinely,0
retail,0
wasted,0
hi,0
mental,-1.726422828
brings,0
communication,0
inpatient,0
weather,0
faith,0
length,0
profile,0
block,0
bad,0
benefit,0
joint,0
squeeze,0
perfectly,0
toxic,0
nerve,0
importance,0
force,0
assessor,0
will,0
bud_lights,0
medium,0
duty,3.503539254
tolerate,0
inspiration,0
spotless,0
recovery,-8.275980849
oxycontin,0
today,0.666503689
monthly,-11.38215829
chemically,0
shell,0
awful,0
engage,0
vocabulary,0
turtle,0
pan,0
arou,0
mention,0
tha,0
c,0
visibly,0
or,0
rim,0
ammunition,0
consciously,0
music,0
council,0
likelihood,0
maximum,0
during,0
should,0
unreasonable,0
shut,0
neither,0
fine,0
interested,0
intoxicate,0
favor,0
burning,0
pawn,0
fluctuate,0
elongate,0
dinner,0
til,0
kitsap_recovery_center,0
powerlessness,0
interrupt,0
inhalant,0
let,-4.68333233
uncertain,0
have,2.21908313
less,0
colleges,0
rude,0
finally,0
hard,5.166788208
sorority,0
scenario,0
triumph,0
intended,0
x,0
encourage,0
somewhat,0
projecting,0
maturity,0
effort,0
aha,0
hou,0
over,0
notion,0
end,0
three,0
determination,-1.082277761
h,0
themself,0
chuckle,0
binoculars,0
proposition,0
twenty,0
guided,0
bottom,0
wring,0
drag,0
disappoint,0
footstep,0
grandfather,0
calculate,0
pong,0
aspect,0
plenty,0
pattern,0
lynnwood,0
poopooed,0
polk_county_fair,0
gag,0
allergic,0
ping,0
respectful,0
understanding,0
tear,3.360444832
wom,0
rationally,0
abnormal,0
along,0
gambling,0
pen,-2.247577141
doesn,5.698175236
college,0
counter,0
mom,9.192378193
devastate,0
shredding,0
critical,0
emotionally,0
solution,0
picky,0
indeed,0
possibility,0
cumulative,0
two_five,0
demand,0
hurtful,0
console,0
center_for_substance_abuse_treatment,0
low,0
bonus,0
betcha,0
disappears,0
wand,0
estimation,0
aunt_steve,0
ethyl,0
snowmobile,0
a_t_r,-1.041899571
b,0
adopt,0
med,0
brick,0
explanatory,0
consideration,0
al_anon,0
apart,0
past,0
criticizing,0
keep,0
stay,0
clearheaded,0
nope,0
scale,0
success,0
spot,0
hearted,0
samhsa,0
compass_health,-23.37006318
dude,0
topic,0
close,0
attribute,0
july,0
hone,0
lethal,0
res_twelve,0
enzyme,0
sassy,0
caution,0
spo,0
fading,0
disclose,0
win,-0.662016153
strong_families,0
lumber,0
radio,0
bathroom,0
a_hundred_proof,0
complete,0
haunt,0
real,9.451325813
operation,0
le,0
circle,0
boring,0
-,0.098900148
frustrash,0
opposite,0
kind,0
wall,0
baseball,0
recently,0
neon,0
nicer,0
affirm,0
blunts,0
equalizes,0
pleased,0
slip,0
attached,0
otherwise,0
indicate,0
out,2.218531289
denise,0
professional,0
resemble,0
elder,0
vision,0
unplug,0
subject,0
sexy,0
goldfish,0
describing,0
particularly,0
devil,0
menstruate,0
loser,0
headaches,0
responsible,0
brownout,0
damned,0
excitement,0
implement,0
four_hundredth,0
ou,0
destructive,0
fog,0
kil,0
cosmopolitan,0
par,0
health_board,0
yummy,-2.060385117
wood,0
assured,0
pay,-10.68226188
addicted,0
applause,0
taxi,0
sister_steve,0
other,0.935365398
sight,0
suddenly,0
prescription,0
list,0
view,0
might,10.50592844
informal,0
plus,0
k,0
shift,0
favorite,0
dependent,0
glance,0
every,0
toilet,0
mountlake_terrace,0
baffle,0
plaster,0
point,0
currently,0
enj,0
problematic,0
justify,0
please,0
pinpoint,0
emotional,-1.363151602
accomplish,11.39198204
rebound,0
injury,0
skid,0
depression,0
settlement,0
smirnof_ice,0
hygenist,0
heavier,0
birthday,6.70001939
trea,0
snapshot,0
surprisingly,0
closer,2.802115835
choice,0
yakima,0
saturate,0
moving,0
smarter,0
embarrass,0
packet,0
contact,2.671061817
advice,2.820270487
digest,0
law,-4.012561944
katherine,0
manual,0
flirty,0
daycare,0
nausea,0
fat,0
similar,0
cassette,0
s,1.0074363
resource,0
boy,-8.651712371
justified,0
ache,0
standpoint,0
unsettle,0
intoxicated,0
reward,0
crop,0
flow,0
edmonds,0
clip,0
disciplinary,0
repeat,0
occasionally,0
unattended,0
loose,0
mind_altering,0
heavy,0
few,-7.526383058
pap,0
vicodin,0
resistance,0
meaningful,0
logistics,0
believe,0.7651746
institutional,0
jaw,0
laid,0
assign,0
originally,0
apiece,0
odd,0
colored,0
hinder,0
gotten,0
evergreen_manor,0
op,0
area,0
computer,0
another,0
plummet,0
sink,0
audit,0
pierce_county,0
ki,0
seventeenth,0
minimize,0
coordination,0
try,0.76041234
lift,0
frank,0
together,0
copy,-0.108008419
hormone,0
listlessness,0
gratitude,0
uncle,0
drinking,-1.346448384
newfound,0
tone,0
scent,0
lengthy,0
hopeless,0
knowledge,0
struggle,0.962406612
cruise,0
mea,0
greek,0
apar,0
progressing,0
grows,0
stocked,0
yeah,9.183993985
christmas,0
allows,0
status,0
hash,0
set,0
flack,0
fantastic,0
current,0
yay,0
special,0
ll,-8.329982428
offere,0
evaluation,7.868303372
mentally,0
sore,0
threshold,0
facility,0
progression,0
woman,12.64667458
clothing,0
spent,0
outgo,0
enhance,0
prosecute,0
fell,0
philosophy,0
caseload,0
dollar,0
craft,0
buzz,0
norm,0
breakdown,0
intervening,0
i_eighty_two,0
fertilize,0
f,0
thursday,0
tragic,0
brown,0
sent,0
guys,0
flaw,0
safety,0
custodial,0
got,0
customize,0
backing,0
ve,0.967354983
previous,0
study,-4.674328895
blue,0
v,0
used,0
terrible,0
demerol,0
tough,-7.894324658
wagon,0
guilty,0
matter,0
compassionate,0
toll,0
alikes,0
formulate,0
normally,-0.631740928
mid,0
student,0
whether,6.814474905
zero,0
dwindle,0
equal,0
laundry,0
massive,0
underlie,0
icy,0
paperwork,0
distance,0
paint,0
saying,0
knowing,0
positives,0
abuser,0
absent,0
pet,0
six,-7.156801694
jacket,0
sugar,0
junior,0
unique,0
impulsive,0
great,4.89966329
concentration,0
opinionated,0
splice,0
nail,0
psych,0
driven,0
fortunately,0
agitate,0
sneak,0
tree,0
nvv,0
fly,1.772496062
educated,0
revise,0
occurrence,0
also,0
spoon,0
idiot,0
link,0
across,0
keg,0
small,0
confide,0
involve,0
tell,0
arrange,0
consume,0
sponge,0
p_o,0
treatment,0
eyebrow,0
structure,0
borrow,0
then,-0.731548376
program,0
child_protective_services,0
resentful,0
claim,0
assume,0
sponsor,-6.908514567
find,-0.391530653
label,0
stimulated,0
apologize,0
anxious,0
xanax,0
participating,0
acceptable,0
foster,0
upstairs,0
weren,-0.977246008
graduation,0
detriment,0
safer,0
soup,0
grain,0
decompressor,0
buddy,0
age,0
lady,0
clerk,0
jim,0
methamphetamine,-17.93253481
former,0
income,0
deform,-2.059432963
anyone,0
learned,0
stephen,2.440324403
hire,0
stabilize,0
alcohol,-3.493063084
three_hundred_and_fifteen,0
matriarch,0
honest,0
ret,0
headache,0
